,p_value,stat
mars,1.2975204347098094e-15,112.06365523376492
itm,2.524250352063129e-14,105.1260654112983
