,p_value,stat
mars,2.8384394097063543e-14,104.85032008942184
itm,3.605015052185136e-15,109.68330697989616
