,p_value,stat
mars,2.57522442079191e-13,99.64264363998672
itm,9.519584860071302e-09,73.96846782284642
